frame,pts,search-glyph_dx,search-glyph_score,search-text_dx,search-text_score,plus_dx,plus_score,parcel-title_dx,parcel-title_score,parcel-search_dx,parcel-search_score,parcel-icon_dx,parcel-icon_score,parcel-text_dx,parcel-text_score,shortcut-1-glyph_dx,shortcut-1-glyph_score,shortcut-2-glyph_dx,shortcut-2-glyph_score,shortcut-3-glyph_dx,shortcut-3-glyph_score,shortcut-4-glyph_dx,shortcut-4-glyph_score,photo-title_dx,photo-title_score,photo-1_dx,photo-1_score,photo-2_dx,photo-2_score,photo-3_dx,photo-3_score,bottom-today_dx,bottom-today_score,bottom-app-1_dx,bottom-app-1_score,bottom-app-2_dx,bottom-app-2_score,bottom-app-3_dx,bottom-app-3_score,parcel-shell_dx
339,3.779,10.0,0.1773,-126.5,0.0728,-68.0,0.2933,-31.5,0.0634,-61.5,0.2812,-40.0,0.1914,-71.0,0.092,14.0,0.1664,-98.5,0.1763,13.5,0.2257,-328.5,0.2763,-6.5,0.0578,-80.0,0.036,-223.0,0.0716,-215.5,0.0253,-42.5,0.0852,-276.5,0.1526,22.0,0.1318,-138.0,0.1375,591.5
340,3.79,10.0,0.1573,-120.5,0.0823,-453.5,0.2838,-32.0,0.0549,-61.5,0.2396,-39.5,0.2277,-70.0,0.0847,15.0,0.1737,-98.5,0.1135,13.5,0.2067,-328.0,0.2377,-11.0,0.0342,-43.0,0.056,-228.5,0.0326,-246.0,0.0337,-40.5,0.0721,-276.5,0.1681,-29.0,0.1669,-139.0,0.1601,
341,3.801,-35.0,0.0991,-17.0,0.0423,-394.5,0.1167,-26.0,0.0412,-301.0,0.1317,-29.0,0.1536,-43.5,0.0397,-67.5,0.0763,-207.5,0.0769,-198.0,0.0718,-77.5,0.1394,-71.0,0.0216,-27.5,0.0738,-54.5,0.0199,-140.5,0.0347,-32.0,0.138,-197.0,0.1481,-321.0,0.1061,-76.5,0.1746,
342,3.812,-94.0,0.1222,4.0,0.0558,-86.5,0.1295,-30.5,0.0457,-409.0,0.1261,-53.5,0.147,7.0,0.0226,-71.0,0.0921,-207.0,0.0662,-299.5,0.11,-72.0,0.0976,-71.0,0.0204,1.5,0.0914,-155.0,0.0199,-134.0,0.0359,-58.0,0.0865,-212.5,0.1635,-281.5,0.1439,-348.5,0.0916,
343,3.823,-52.0,0.1176,-106.5,0.1416,-439.0,0.9896,-50.5,0.044,-409.0,0.1261,-42.0,0.145,7.0,0.0263,-94.5,0.0458,-107.5,0.061,-56.0,0.0649,-78.0,0.0973,-70.5,0.0209,-1.0,0.0905,-161.0,0.0194,-128.5,0.0356,-58.0,0.083,-276.0,0.1397,-202.5,0.1133,-349.0,0.1452,
344,3.834,-71.5,0.1453,-48.5,0.1425,-381.0,0.9981,-28.5,0.0483,-356.5,0.1735,-38.0,0.154,-77.5,0.033,-63.0,0.1484,-179.5,0.0996,-291.5,0.1298,-407.5,0.196,-45.0,0.0089,4.5,0.0979,-122.5,0.024,-131.5,0.0315,-46.0,0.1019,-275.5,0.1622,-201.0,0.0975,-331.0,0.1256,
345,3.845,-51.5,0.054,20.0,0.0797,-284.0,0.9932,-70.0,0.086,-418.0,0.995,-20.5,0.2378,-60.5,0.1007,-93.5,0.0936,-137.0,0.0528,-45.0,0.0831,-64.0,0.0946,-71.5,0.0208,4.5,0.0894,-132.0,0.0221,-232.5,0.0264,15.5,0.0847,-125.5,0.1754,-177.5,0.1408,-409.5,0.1121,-418.0
346,3.856,-3.0,0.0713,-76.0,0.0953,-244.0,0.9929,-73.5,0.0908,-361.5,0.9657,-53.5,0.0578,-4.5,0.0966,-77.5,0.1607,-190.0,0.1654,-307.0,0.1755,-420.0,0.2169,-26.0,0.0142,7.0,0.0963,-132.5,0.0251,-231.0,0.0289,4.0,0.0812,-125.5,0.158,-145.5,0.1259,-301.0,0.1123,-362.0
347,3.867,-94.0,0.0723,-23.0,0.056,-209.0,0.9814,-53.0,0.0974,-312.0,0.9982,-4.0,0.0564,3.5,0.0511,-74.0,0.3718,-149.5,0.2167,-301.0,0.2635,-417.0,0.9984,-70.5,0.0338,17.0,0.0835,-119.0,0.0266,-229.5,0.0398,-68.5,0.089,-237.0,0.2041,-214.5,0.1634,-409.0,0.1126,-312.0
348,3.878,-55.0,0.1014,-129.0,0.1705,-151.5,0.9938,-29.5,0.1348,-229.5,0.9778,-38.5,0.038,-141.5,0.0739,-85.5,0.56,-47.0,0.2526,-314.5,0.9958,-314.5,0.9955,-10.5,0.0372,21.0,0.0793,-229.0,0.0269,-230.0,0.0352,-41.0,0.0825,-141.5,0.1542,-114.0,0.1331,-396.5,0.1147,-229.5
349,3.889,-45.0,0.0833,-128.5,0.999,-128.5,0.9981,4.5,0.1349,-196.0,0.9985,-9.5,0.0381,-128.5,0.1479,-43.0,0.5639,-4.5,0.2408,-272.0,0.9973,-272.0,0.9975,-84.5,0.0436,-27.0,0.0426,-176.5,0.0302,-317.5,0.0434,-41.0,0.0796,-221.0,0.1531,-114.0,0.1408,-220.0,0.1106,-196.0
350,3.901,-83.5,0.0857,-108.5,0.9992,-108.5,0.9983,-74.5,0.0783,-166.5,0.987,20.0,0.0384,-97.0,0.15,-5.5,0.5616,-207.5,0.2725,-234.5,0.9921,-234.5,0.9875,-89.0,0.0431,20.0,0.0444,-129.5,0.0313,-329.5,0.9634,-15.0,0.1029,-291.0,0.3332,-359.5,0.1574,-428.0,0.204,-166.5
351,3.912,-76.5,0.9991,-76.5,0.9992,-76.5,0.9985,-75.0,0.1016,-119.0,0.9919,-90.5,0.0446,-119.0,0.9858,-0.5,0.2294,-172.5,0.9889,-172.5,0.9977,-172.5,0.9968,-75.0,0.073,8.5,0.0285,-51.0,0.0313,-251.0,0.8741,-5.5,0.1166,-189.0,0.3341,-193.5,0.199,-389.0,0.9665,-119.0
352,3.923,-64.0,0.9903,-64.0,0.9993,-64.0,0.9879,-91.5,0.1776,-100.0,0.9951,-100.0,0.9978,-100.0,0.9892,-90.0,0.2363,-147.0,0.9701,-147.0,0.9869,-147.0,0.9816,-88.5,0.0901,-47.5,0.0291,-218.0,0.996,-218.0,0.9777,-75.0,0.1288,-145.0,0.3333,-345.5,0.977,-345.5,0.9759,-100.0
353,3.935,-44.0,0.9912,-44.0,0.9993,-44.0,0.9914,-69.5,0.9672,-69.5,0.9693,-69.5,0.9872,-69.5,0.9397,-70.5,0.2557,-106.0,0.9777,-106.0,0.9943,-106.0,0.9905,-85.5,0.1319,7.0,0.0286,-163.5,0.9963,-163.5,0.9776,-0.5,0.1297,-271.0,0.9494,-270.5,0.964,-270.5,0.9581,-70.0
354,3.946,-36.0,0.9897,-36.0,0.9993,-36.0,0.9911,-58.0,0.9739,-58.0,0.9758,-58.0,0.9857,-58.0,0.9539,-89.5,0.991,-89.5,0.9792,-89.5,0.9937,-89.5,0.9909,-82.0,0.1753,-68.0,0.0219,-141.0,0.987,-141.0,0.9706,-71.0,0.1161,-239.0,0.9962,-239.0,0.9913,-239.0,0.987,-58.0
355,3.957,-29.5,0.998,-29.5,0.9993,-29.5,0.9977,-47.5,0.9866,-47.5,0.9874,-47.5,0.9949,-47.5,0.974,-75.5,0.9909,-75.5,0.9875,-75.5,0.9938,-75.5,0.9902,-82.5,0.1837,-87.0,0.0335,-121.5,0.9791,-121.5,0.9507,-66.0,0.1598,-211.0,0.9583,-210.5,0.9583,-211.0,0.9586,-47.5
356,3.969,-19.5,0.9941,-19.5,0.9993,-19.5,0.993,-32.0,0.9719,-32.0,0.9739,-32.0,0.9833,-32.0,0.9509,-52.5,0.9863,-52.5,0.9757,-52.5,0.9896,-52.5,0.9843,-89.0,0.9994,-89.0,0.9511,-89.0,0.9562,-89.0,0.9277,-18.0,0.1598,-163.0,0.9894,-163.0,0.9853,-163.0,0.9849,-32.0
357,3.98,-15.5,0.9984,-15.5,0.9993,-15.5,0.9977,-25.5,0.9745,-25.5,0.9734,-25.5,0.9892,-25.5,0.9488,-43.5,0.9735,-44.0,0.9642,-43.5,0.9803,-43.5,0.9718,-76.0,0.9995,-76.0,0.9784,-76.0,0.9854,-76.0,0.9609,2.0,0.1576,-143.0,0.9842,-143.0,0.9799,-143.0,0.983,-25.5
358,3.991,-12.5,0.9825,-12.5,0.9993,-12.5,0.9836,-20.5,0.9911,-20.5,0.9918,-20.5,0.9968,-20.5,0.9817,-36.0,0.9926,-36.0,0.9801,-36.0,0.9943,-36.0,0.9926,-64.5,0.9995,-64.5,0.9187,-64.5,0.9213,-64.5,0.888,20.0,0.1537,-125.0,0.997,-125.0,0.9946,-125.0,0.9932,-20.5
359,4.002,-7.5,0.9992,-7.5,0.9993,-7.5,0.9987,-13.0,0.9887,-13.0,0.9906,-13.0,0.9929,-13.0,0.9788,-24.0,0.9775,-24.0,0.9656,-24.0,0.9832,-24.0,0.9765,-46.5,0.9995,-46.5,0.9637,-46.5,0.9754,-46.5,0.9386,-89.5,0.2111,-95.5,0.9596,-95.0,0.9601,-95.5,0.9624,-13.0
360,4.013,-5.5,0.9692,-5.5,0.9995,-5.5,0.9716,-10.0,0.9984,-10.0,0.9991,-10.0,0.9984,-10.0,0.9951,-19.5,0.9916,-19.5,0.9806,-19.5,0.9939,-19.5,0.9922,-39.0,0.9996,-39.0,0.985,-39.0,0.9902,-39.0,0.9715,-83.0,0.9713,-83.0,0.9773,-83.0,0.9749,-83.0,0.9776,-10.0
361,4.024,-4.5,0.9671,-4.5,0.9995,-4.5,0.9696,-7.5,0.9872,-7.5,0.9874,-7.5,0.9948,-7.5,0.9745,-16.0,0.9668,-16.0,0.9714,-16.0,0.9789,-16.0,0.963,-32.5,0.9996,-33.0,0.9026,-33.0,0.9141,-33.0,0.8638,-72.0,0.9851,-72.0,0.9864,-72.0,0.9853,-72.0,0.9845,-7.5
362,4.035,-2.0,0.983,-2.0,0.9996,-2.0,0.9829,-4.0,0.9734,-4.0,0.9781,-4.0,0.9915,-4.0,0.9579,-10.0,0.9954,-10.0,0.9872,-10.0,0.9954,-10.0,0.9949,-22.5,0.9996,-23.0,0.9021,-23.0,0.9139,-23.0,0.864,-53.5,0.9601,-54.0,0.9628,-53.5,0.9588,-54.0,0.9632,-4.0
363,4.046,-1.5,0.9951,-1.5,0.9996,-1.5,0.9952,-3.0,0.9966,-3.0,0.9972,-3.0,0.997,-3.0,0.9909,-7.5,0.9765,-7.5,0.9669,-7.5,0.9812,-7.5,0.9731,-18.5,0.9996,-19.0,0.9281,-19.0,0.9478,-19.0,0.8921,-46.0,0.9533,-46.5,0.9654,-46.5,0.9624,-46.5,0.9647,-3.0
364,4.057,-1.0,0.9832,-1.0,0.9996,-1.0,0.982,-2.0,0.997,-2.0,0.998,-2.0,0.9975,-2.0,0.9927,-6.0,0.9963,-6.0,0.9883,-6.0,0.9975,-6.0,0.9963,-15.5,0.9996,-15.5,0.99,-15.5,0.9959,-15.5,0.9768,-39.5,0.9684,-40.0,0.9587,-39.5,0.9632,-40.0,0.9603,-2.0
365,4.068,0.0,0.9981,0.0,1.0,0.0,0.9985,-0.5,0.9887,-0.5,0.9887,-0.5,0.9965,-0.5,0.979,-3.5,0.9749,-3.5,0.9786,-3.5,0.9833,-3.5,0.969,-10.0,0.9996,-10.5,0.9126,-10.5,0.9231,-10.5,0.8819,-29.0,0.9936,-29.0,0.9933,-29.0,0.9925,-29.0,0.991,-0.5
366,4.079,0.0,0.9719,0.0,1.0,0.0,0.9718,0.0,0.9724,0.0,0.9735,0.0,0.9894,0.0,0.9508,-2.5,0.9828,-2.5,0.981,-2.5,0.9887,-2.5,0.9817,-8.0,0.9998,-8.5,0.9132,-8.5,0.9233,-8.5,0.8822,-24.5,0.9992,-24.5,0.9978,-24.5,0.9975,-24.5,0.9958,0.0
367,4.09,0.5,0.9944,0.5,0.9996,0.5,0.9942,0.0,0.9862,0.0,0.9876,0.0,0.991,0.0,0.9743,-1.5,0.994,-1.5,0.9826,-1.5,0.9955,-1.5,0.9942,-6.5,0.9997,-6.5,0.9712,-6.5,0.9762,-6.5,0.9519,-20.5,0.9743,-21.0,0.9537,-20.5,0.9663,-20.5,0.9623,0.0
368,4.101,0.5,0.995,0.5,0.9996,0.5,0.9954,0.5,0.982,0.5,0.9809,0.5,0.9916,0.5,0.9648,-0.5,0.9722,-1.0,0.9644,-0.5,0.9792,-0.5,0.9664,-4.0,0.9998,-4.0,0.905,-4.0,0.9052,-4.0,0.8678,-14.5,0.9852,-14.5,0.9501,-14.5,0.9762,-14.5,0.9701,0.5
369,4.112,0.5,0.9947,0.5,0.9996,0.5,0.9943,0.5,0.9833,0.5,0.9837,0.5,0.9929,0.5,0.9682,-0.5,0.9976,-0.5,0.9887,-0.5,0.9987,-0.5,0.9989,-3.5,0.9997,-3.5,0.9578,-3.5,0.9703,-3.5,0.9318,-12.0,0.9759,-12.5,0.9528,-12.0,0.9659,-12.0,0.9628,0.5
370,4.123,0.0,0.9997,0.0,1.0,0.0,0.9998,0.5,0.9838,0.5,0.9846,0.5,0.9937,0.5,0.9693,-0.5,0.9713,-0.5,0.9749,-0.5,0.9811,-0.5,0.9672,-2.5,0.9997,-2.5,0.9576,-2.5,0.9633,-2.5,0.9345,-10.0,0.9979,-10.0,0.9601,-10.0,0.9831,-10.0,0.9757,0.5
371,4.135,0.0,0.9997,0.0,1.0,0.0,0.9999,0.5,0.9784,0.5,0.9774,0.5,0.991,0.5,0.9558,0.0,0.9976,0.0,0.9856,0.0,0.9984,0.0,0.9976,-1.5,0.9997,-1.5,0.9864,-1.5,0.9919,-1.5,0.972,-6.5,0.996,-6.5,0.9591,-6.5,0.9839,-6.5,0.9767,0.5
372,4.146,0.0,0.9998,0.0,1.0,0.0,0.9999,0.5,0.9608,0.5,0.9666,0.5,0.9861,0.5,0.9324,0.0,0.9988,0.0,0.9884,0.0,0.9994,0.0,0.9991,-1.0,0.9997,-1.0,0.957,-1.0,0.9585,-1.0,0.9354,-5.0,0.9757,-5.5,0.9517,-5.0,0.9663,-5.0,0.9634,0.0
373,4.157,0.0,0.9999,0.0,1.0,0.0,0.9999,0.0,0.9675,0.0,0.9707,0.0,0.9817,0.0,0.9432,0.0,0.9984,0.0,0.9893,0.0,0.9985,0.0,0.9979,-0.5,0.9997,-1.0,0.9381,-1.0,0.95,-1.0,0.9093,-4.0,0.9976,-4.0,0.9969,-4.0,0.9968,-4.0,0.9953,0.0
374,4.168,0.0,0.9999,0.0,1.0,0.0,0.9999,0.0,0.9782,0.0,0.9814,0.0,0.989,0.0,0.963,0.0,0.9978,0.0,0.9895,0.0,0.9981,0.0,0.9968,-0.5,0.9997,-0.5,0.9831,-0.5,0.9877,-0.5,0.969,-3.0,0.9944,-3.0,0.9948,-3.0,0.9943,-3.0,0.9946,0.0
375,4.179,0.0,1.0,0.0,1.0,0.0,1.0,0.0,0.9944,0.0,0.9953,0.0,0.9967,0.0,0.9867,0.0,0.9982,0.0,0.9895,0.0,0.9986,0.0,0.9976,0.0,0.9999,0.0,0.9289,0.0,0.9305,0.0,0.9,-1.0,0.9535,-1.5,0.9678,-1.5,0.9644,-1.5,0.9681,0.0
376,4.19,0.0,1.0,0.0,1.0,0.0,1.0,0.0,0.9962,0.0,0.9976,0.0,0.9971,0.0,0.9922,0.0,0.9989,0.0,0.9893,0.0,0.999,0.0,0.999,0.0,0.9999,0.0,0.9792,0.0,0.9831,0.0,0.9626,-0.5,0.994,-0.5,0.9568,-0.5,0.9808,-0.5,0.9762,0.0
377,4.201,0.0,1.0,0.0,1.0,0.0,1.0,0.0,1.0,0.0,1.0,0.0,1.0,0.0,0.9964,0.0,1.0,0.0,0.9891,0.0,1.0,0.0,0.9999,0.0,1.0,0.0,0.9991,0.0,0.9981,0.0,0.9987,0.0,0.9997,0.0,0.9994,0.0,0.9998,0.0,0.9997,0.0
378,4.212,0.0,1.0,0.0,1.0,0.0,1.0,-0.5,0.9909,-0.5,0.9925,-0.5,0.9947,-0.5,0.981,0.0,0.9959,0.0,0.9831,0.0,0.9969,0.0,0.9957,0.0,0.9999,0.0,0.9108,0.0,0.908,0.0,0.8763,1.0,0.9888,1.0,0.9545,1.0,0.9764,1.0,0.9723,-0.5
379,4.223,0.0,1.0,0.0,1.0,0.0,1.0,-0.5,0.9909,-0.5,0.9925,-0.5,0.9948,-0.5,0.9809,0.0,0.9947,0.0,0.9821,0.0,0.9958,0.0,0.9933,0.0,0.9999,0.0,0.9107,0.0,0.9081,0.0,0.8762,1.0,0.9556,1.0,0.97,1.0,0.9665,1.0,0.9719,-0.5
380,4.235,-4.0,0.9877,-4.0,1.0,-4.0,0.9888,-4.5,0.9978,-4.5,0.9986,-4.5,0.9989,-4.5,0.9946,-4.5,0.9822,-4.5,0.9822,-4.5,0.9883,-4.5,0.9797,-4.5,0.9997,-4.5,0.9637,-4.5,0.975,-4.5,0.9388,-2.5,0.9857,-2.5,0.9881,-2.5,0.9871,-2.5,0.9879,-4.5
381,4.246,-9.5,0.9677,-9.5,0.9995,-9.5,0.9718,-10.0,0.9886,-10.0,0.9898,-10.0,0.9951,-10.0,0.9795,-10.5,0.976,-10.5,0.9804,-10.5,0.9837,-10.5,0.9695,-10.0,0.9997,-10.0,0.9855,-10.0,0.9941,-10.0,0.9676,-7.5,0.9553,-8.0,0.9661,-8.0,0.9617,-8.0,0.9683,-10.0
382,4.257,-18.0,0.9915,-18.0,0.9996,-18.0,0.9922,-18.5,0.9718,-18.5,0.9738,-18.5,0.9821,-18.5,0.9526,-18.5,0.9969,-18.5,0.989,-18.5,0.9981,-18.5,0.998,-18.0,0.9997,-18.0,0.9652,-18.0,0.9703,-18.0,0.9468,-15.5,0.9552,-16.0,0.9661,-16.0,0.9617,-16.0,0.9685,-18.5
383,4.268,-42.5,0.9916,-42.5,0.9995,-42.5,0.9919,-43.0,0.9721,-43.0,0.9738,-43.0,0.9826,-43.0,0.9525,-43.0,0.9974,-43.0,0.9884,-43.0,0.9983,-43.0,0.9983,-42.5,0.9996,-42.5,0.9652,-42.5,0.9702,-42.5,0.9468,-40.0,0.9988,-40.0,0.9979,-40.0,0.9982,-40.0,0.9967,-43.0
384,4.279,-58.5,0.9882,-58.5,0.9994,-58.5,0.9864,-59.0,0.9662,-59.0,0.9678,-59.0,0.9813,-59.0,0.9387,-59.0,0.9963,-59.0,0.9886,-59.0,0.9972,-59.0,0.9958,-58.5,0.9996,-58.5,0.9729,-58.5,0.9797,-58.5,0.9522,-56.0,0.9794,-56.0,0.9839,-56.0,0.9823,-56.0,0.9847,-59.0
385,4.29,-76.5,0.9619,-76.5,0.9994,-76.5,0.9639,-77.0,0.9853,-77.0,0.9864,-77.0,0.9944,-77.0,0.9734,-77.5,0.9795,-77.5,0.9809,-77.5,0.9864,-77.5,0.9751,-77.0,0.9995,-77.0,0.9907,-77.0,0.9961,-77.0,0.9791,-74.0,0.9815,-74.0,0.9478,-74.0,0.9722,-74.0,0.9671,-77.0
386,4.301,-50.0,0.0765,-124.5,0.9638,-124.5,0.9603,-81.5,0.1015,-125.5,0.9648,-96.5,0.046,-125.5,0.9347,-91.0,0.2494,-126.5,0.9834,-126.5,0.9911,-126.5,0.9857,-88.5,0.1823,-93.5,0.0336,-127.5,0.9843,-127.5,0.9279,17.5,0.1549,-127.0,0.9638,-127.0,0.9744,-127.0,0.9721,-125.5
387,4.312,-80.5,0.0776,-132.0,0.1719,-154.5,0.9967,-64.0,0.0775,-156.5,0.9893,-46.5,0.0315,-89.0,0.1533,13.0,0.2274,-159.0,0.9873,-159.0,0.9982,-159.0,0.9987,-84.0,0.1336,8.0,0.027,-162.5,0.9449,-162.5,0.8909,-68.5,0.1683,-166.0,0.9667,-166.0,0.9741,-166.0,0.9692,-156.5
388,4.323,-87.0,0.0561,-94.5,0.0902,-186.5,0.9914,11.0,0.1318,-189.5,0.997,-3.0,0.0399,-120.0,0.1458,13.0,0.2414,-194.0,0.9692,-194.0,0.9837,-194.0,0.9776,-70.5,0.0904,-30.0,0.0293,-200.5,0.9851,-200.5,0.9238,-65.0,0.1607,-210.0,0.9736,-210.0,0.9699,-210.0,0.9684,-189.5
389,4.334,-13.5,0.0717,-26.5,0.1053,-252.0,0.9983,-58.0,0.1322,-258.5,0.9983,-72.0,0.0396,-27.5,0.0508,-39.5,0.5574,-1.0,0.239,-268.5,0.9967,-268.5,0.996,-51.0,0.0489,-23.5,0.0291,-83.0,0.0291,-283.0,0.8723,-36.5,0.1318,-106.0,0.3309,-306.5,0.9821,-306.5,0.9757,-258.5
390,4.345,-24.5,0.055,19.5,0.0847,-284.5,0.9856,-92.5,0.133,-293.0,0.9949,15.0,0.0564,-5.5,0.0377,-77.0,0.5511,-38.5,0.2494,-306.0,0.9816,-306.0,0.9739,-89.0,0.0508,-10.0,0.034,-125.5,0.0309,-325.5,0.8646,-87.5,0.1343,-157.0,0.3193,-357.5,0.9793,-357.5,0.9716,-293.0
391,4.357,-6.5,0.1557,17.0,0.1329,-316.0,0.9835,-68.0,0.0971,-326.5,0.9724,-18.5,0.0571,17.0,0.0789,-0.5,0.358,-76.0,0.2562,-321.5,0.4424,-343.5,0.9914,-76.5,0.0418,-18.5,0.0419,-168.0,0.0305,-362.5,0.0995,-58.0,0.1081,-209.0,0.3201,-277.5,0.1521,-409.5,0.9709,-327.0
392,4.368,-65.5,0.1484,-42.5,0.1452,-375.0,0.9874,-43.0,0.0827,-391.0,0.9912,6.5,0.2402,-33.5,0.0953,-73.0,0.3611,-148.5,0.2197,-300.0,0.2597,-416.0,0.9948,-44.0,0.0368,8.5,0.0895,-136.0,0.0189,-125.0,0.0384,-4.5,0.0827,-172.5,0.105,-256.0,0.1003,-404.0,0.087,
393,4.379,-93.0,0.1555,-70.0,0.1473,-402.5,0.9905,-73.5,0.0841,-377.0,0.2014,-24.0,0.2442,-64.0,0.1042,-85.5,0.2196,-183.0,0.2194,-300.0,0.2124,-437.0,0.435,-85.0,0.0298,-14.5,0.0848,-158.5,0.019,-130.0,0.0379,-70.5,0.0816,-275.5,0.1355,-308.0,0.0897,-373.5,0.1113,
394,4.39,-41.5,0.1242,-96.0,0.1468,-428.5,0.9967,-47.0,0.0815,-406.0,0.1941,-53.0,0.2349,-93.0,0.0861,-83.5,0.1646,-196.0,0.1674,-313.0,0.1733,-426.0,0.2211,-62.5,0.0252,-6.5,0.0868,-159.0,0.0209,-126.5,0.035,-48.5,0.0743,-271.5,0.1264,-161.5,0.1142,-373.5,0.1102,
395,4.401,-25.5,0.1412,-114.0,0.1189,-446.5,0.2402,-38.5,0.0458,-366.5,0.141,-31.5,0.1523,-41.0,0.0251,-95.0,0.1189,-171.5,0.0882,-323.5,0.1027,-410.5,0.1326,-70.0,0.0248,-14.5,0.0793,-163.5,0.0237,-134.5,0.0379,-37.5,0.1144,-222.0,0.1132,-321.5,0.1464,-85.0,0.1048,
396,4.412,-55.0,0.1501,-12.5,0.0691,-408.5,0.1367,-22.0,0.0426,-373.5,0.12,-43.0,0.1613,-76.5,0.0258,-62.5,0.0705,-195.0,0.0587,-291.5,0.0769,-79.0,0.1459,-69.5,0.0217,-26.5,0.0744,-165.0,0.0216,-137.0,0.0369,2.5,0.0615,-291.5,0.1039,-249.5,0.1588,-85.0,0.1739,
397,4.423,-55.0,0.1377,-13.0,0.0646,-408.5,0.1328,-22.5,0.0435,-292.0,0.1096,-29.5,0.1521,-27.0,0.0265,-62.5,0.0769,-195.5,0.0682,-307.0,0.0921,-78.0,0.1466,-70.0,0.0203,-26.5,0.0708,-164.5,0.0194,-137.0,0.0361,-64.0,0.0697,-147.5,0.0961,-249.5,0.1637,-85.0,0.169,
398,4.434,-88.5,0.1209,-19.5,0.0641,-446.5,0.1784,-72.5,0.0392,-412.0,0.1614,-31.5,0.1592,10.0,0.0452,-95.5,0.0597,-195.5,0.0684,-53.5,0.0765,-80.5,0.15,-71.0,0.0198,-29.5,0.0698,-57.0,0.0202,-140.5,0.035,-20.5,0.0911,-254.0,0.1335,-350.0,0.1612,-85.0,0.1828,
399,4.445,-47.0,0.1218,21.5,0.066,-404.0,0.1435,-73.0,0.0438,-416.5,0.1889,-77.5,0.1996,-79.0,0.0327,-84.0,0.101,-187.0,0.0825,-203.0,0.0981,-82.0,0.1497,18.5,0.0223,-34.0,0.0631,-58.0,0.0205,-140.0,0.0322,-44.0,0.0759,-205.0,0.1257,-274.0,0.1345,-113.0,0.1898,
400,4.456,-58.0,0.0941,20.5,0.0737,-438.5,0.1165,-73.5,0.0415,-417.5,0.166,-77.5,0.1717,-79.0,0.0341,-83.5,0.0811,-187.0,0.0703,-203.5,0.0984,-78.0,0.1394,18.5,0.024,-34.0,0.0649,-54.5,0.0189,-140.0,0.031,-26.5,0.108,-97.0,0.0993,-358.5,0.1191,-113.0,0.1893,
401,4.468,20.0,0.0896,4.0,0.0719,-424.0,0.1588,-76.0,0.0438,-373.5,0.1317,-33.5,0.1829,-61.5,0.0433,22.0,0.0784,-8.5,0.0883,-206.0,0.1177,-81.0,0.2072,16.5,0.0231,-35.5,0.0566,-58.0,0.0212,-145.5,0.0312,13.0,0.0616,-205.5,0.119,-237.5,0.138,-118.0,0.2268,
402,4.479,-83.0,0.1875,15.5,0.0824,-400.0,0.2436,-78.5,0.0471,18.0,0.102,-34.5,0.2028,-63.0,0.0498,21.0,0.1103,-11.5,0.103,-208.0,0.1407,-79.0,0.1929,16.5,0.0229,-37.0,0.0544,-223.0,0.0197,-147.5,0.0283,-70.5,0.1688,-261.0,0.156,-17.5,0.1421,-122.5,0.2146,
403,4.49,-83.0,0.1819,14.0,0.0831,-400.5,0.2794,-78.5,0.0473,18.0,0.102,-34.5,0.2015,-63.0,0.0488,21.0,0.1088,-11.5,0.1051,-208.0,0.1407,-79.0,0.1845,16.5,0.0225,-37.0,0.0544,-175.0,0.0201,-146.5,0.028,-70.5,0.1773,-261.0,0.1591,-17.5,0.14,-121.0,0.2161,
404,4.501,-65.5,0.1266,-50.5,0.0645,-68.0,0.2686,-31.5,0.0567,-366.0,0.1951,-39.5,0.2116,-86.0,0.0652,20.5,0.0958,-187.5,0.0874,-210.5,0.151,-76.5,0.2272,-6.5,0.0358,-68.5,0.0542,-223.0,0.0518,-131.5,0.0317,-9.0,0.0663,-200.0,0.1031,22.0,0.1621,-137.0,0.1955,
405,4.513,10.0,0.1529,3.0,0.0728,-68.0,0.2876,-31.5,0.06,-61.5,0.2302,-39.5,0.2236,-86.0,0.076,17.5,0.1168,-187.0,0.0978,-62.0,0.172,-76.5,0.2335,-6.5,0.041,-68.5,0.0469,-223.0,0.0542,-131.5,0.033,11.5,0.0708,-164.5,0.1398,22.0,0.175,-137.5,0.1835,
406,4.524,10.0,0.1739,-120.0,0.0703,-68.0,0.295,-31.5,0.0633,-61.5,0.2486,-39.5,0.2231,-71.0,0.0825,14.0,0.1098,-98.5,0.122,13.5,0.1787,-76.5,0.2367,-6.5,0.0481,-68.5,0.046,-223.0,0.0618,-131.5,0.0313,-7.0,0.1145,-235.5,0.1313,22.0,0.1669,-137.5,0.175,
407,4.535,10.0,0.1888,-130.0,0.0991,-68.0,0.3005,-31.5,0.0675,-61.5,0.271,-39.5,0.2125,-70.5,0.087,14.0,0.1393,-98.5,0.1537,13.5,0.2131,-76.5,0.2429,-6.5,0.0494,-68.5,0.0397,-223.0,0.0631,-131.5,0.028,-79.5,0.0969,-276.5,0.1382,-292.0,0.1615,-138.0,0.1621,404.0
408,4.546,10.0,0.1831,-126.5,0.0692,-454.5,0.3171,-31.5,0.0667,-61.5,0.2776,-39.5,0.2076,-70.5,0.0872,14.0,0.1498,-98.5,0.1626,13.5,0.2202,-328.5,0.2534,-6.5,0.0512,-68.5,0.0377,-223.0,0.0615,-131.5,0.0276,-24.0,0.0697,-180.5,0.1048,22.0,0.1458,-138.0,0.1524,404.5
409,4.557,10.0,0.1834,-126.5,0.0692,-454.5,0.3171,-31.5,0.0664,-61.5,0.2772,-39.5,0.2076,-70.5,0.0876,14.0,0.1495,-98.5,0.1635,13.5,0.2202,-328.5,0.2524,-6.5,0.0512,-79.5,0.038,-223.0,0.0618,-131.5,0.0277,-24.0,0.0697,-180.5,0.1057,22.0,0.1459,-138.0,0.1521,404.5
