frame,pts,feature,x,y,scale,score
90,1.011,wifi-glyph,853.5,177.0,0.66,0.5232
90,1.011,wifi-title,904.5,167.0,0.7,0.8563
90,1.011,music-play,898.0,335.5,0.71,0.966
90,1.011,music-cast,946.0,243.5,0.69,0.8774
90,1.011,sun,1008.0,339.5,0.69,0.605
90,1.011,volume,1049.5,307.5,0.55,0.4114
90,1.011,device-1,873.5,406.0,0.69,0.7358
90,1.011,device-2,945.0,407.0,0.7,0.8925
90,1.011,device-3,1016.5,407.5,0.69,0.9203
90,1.011,device-5,874.0,467.5,0.7,0.8158
90,1.011,device-7,1016.5,467.0,0.66,0.8993
90,1.011,device-8,1087.5,468.0,0.71,0.9145
90,1.011,quick-1,809.5,516.0,0.5,0.3
90,1.011,quick-2,949.5,534.5,0.67,0.845
90,1.011,quick-3,1022.5,535.5,0.68,0.6611
90,1.011,quick-4,1097.0,535.5,0.68,0.9088
90,1.011,quick-5,794.5,576.5,0.5,0.3418
90,1.011,quick-6,954.0,596.0,0.64,0.7578
90,1.011,quick-7,1026.5,596.0,0.67,0.5064
90,1.011,quick-8,1099.0,596.0,0.66,0.8843
92,1.033,wifi-glyph,827.5,182.0,0.714,0.4987
92,1.033,wifi-title,882.0,171.5,0.754,0.9169
92,1.033,music-play,875.5,353.0,0.734,0.9739
92,1.033,music-cast,927.0,255.5,0.764,0.8925
92,1.033,sun,994.0,358.5,0.774,0.8248
92,1.033,volume,1134.0,325.0,0.544,0.4028
92,1.033,device-1,852.0,431.5,0.714,0.8404
92,1.033,device-2,927.5,432.5,0.714,0.9508
92,1.033,device-3,1003.5,433.0,0.744,0.9368
92,1.033,device-5,852.5,496.5,0.714,0.8911
92,1.033,device-7,1003.0,496.0,0.724,0.9689
92,1.033,device-8,1078.5,497.0,0.714,0.9727
92,1.033,quick-1,866.5,621.5,0.644,0.328
92,1.033,quick-2,934.5,567.0,0.714,0.9696
92,1.033,quick-3,1012.0,568.5,0.724,0.9402
92,1.033,quick-4,1091.0,569.5,0.724,0.9533
92,1.033,quick-5,871.5,615.5,0.664,0.9187
92,1.033,quick-6,940.5,629.5,0.664,0.9107
92,1.033,quick-7,1017.5,629.5,0.684,0.9428
92,1.033,quick-8,1094.5,630.5,0.684,0.9471
94,1.056,wifi-glyph,811.0,184.0,0.72,0.4434
94,1.056,wifi-title,867.5,173.0,0.79,0.9284
94,1.056,music-play,861.0,364.0,0.79,0.9641
94,1.056,music-cast,914.5,262.5,0.77,0.9434
94,1.056,sun,985.0,369.5,0.78,0.8912
94,1.056,volume,1032.5,362.0,0.73,0.3748
94,1.056,device-1,837.0,448.0,0.77,0.9025
94,1.056,device-2,915.5,449.0,0.77,0.9659
94,1.056,device-3,994.5,449.5,0.76,0.9762
94,1.056,device-5,837.0,515.5,0.75,0.9413
94,1.056,device-7,994.5,515.0,0.75,0.9502
94,1.056,device-8,1073.0,516.5,0.74,0.982
94,1.056,quick-1,854.0,645.5,0.64,0.3201
94,1.056,quick-2,923.0,589.5,0.74,0.961
94,1.056,quick-3,1004.0,591.5,0.72,0.9577
94,1.056,quick-4,1087.0,593.0,0.74,0.9854
94,1.056,quick-5,859.0,639.5,0.68,0.9396
94,1.056,quick-6,930.5,655.0,0.71,0.9784
94,1.056,quick-7,1010.0,655.5,0.69,0.9604
94,1.056,quick-8,1090.0,656.5,0.71,0.9366
96,1.079,wifi-glyph,788.5,182.5,0.841,0.6755
96,1.079,wifi-title,848.0,174.5,0.831,0.952
96,1.079,music-play,841.5,378.0,0.811,0.9792
96,1.079,music-cast,898.0,270.0,0.801,0.888
96,1.079,sun,974.0,383.5,0.861,0.9299
96,1.079,volume,1068.0,389.5,0.851,0.9143
96,1.079,device-1,815.5,470.0,0.811,0.9484
96,1.079,device-2,898.5,470.5,0.781,0.9414
96,1.079,device-3,982.5,471.5,0.801,0.9627
96,1.079,device-5,815.0,541.5,0.801,0.9169
96,1.079,device-7,981.5,541.0,0.801,0.9559
96,1.079,device-8,1065.5,542.5,0.821,0.9703
96,1.079,quick-1,833.0,682.5,0.681,0.3115
96,1.079,quick-2,906.5,622.0,0.771,0.976
96,1.079,quick-3,992.5,624.5,0.781,0.9707
96,1.079,quick-4,1080.5,625.5,0.761,0.9394
96,1.079,quick-5,838.5,676.5,0.721,0.9437
96,1.079,quick-6,915.0,692.5,0.741,0.937
96,1.079,quick-7,999.0,693.5,0.751,0.9678
96,1.079,quick-8,1084.5,695.0,0.731,0.9247
98,1.101,wifi-glyph,769.5,183.5,0.89,0.9459
98,1.101,wifi-title,832.5,174.5,0.86,0.8998
98,1.101,music-play,825.0,389.0,0.85,0.9527
98,1.101,music-cast,885.0,276.0,0.88,0.9221
98,1.101,sun,965.5,393.0,0.89,0.9734
98,1.101,volume,1064.0,398.0,0.88,0.9393
98,1.101,device-1,796.5,487.5,0.83,0.9679
98,1.101,device-2,884.0,488.5,0.86,0.9606
98,1.101,device-3,972.0,488.5,0.84,0.9694
98,1.101,device-5,796.0,562.5,0.85,0.9225
98,1.101,device-7,971.5,562.0,0.85,0.9741
98,1.101,device-8,1059.0,563.5,0.83,0.9762
98,1.101,quick-1,805.5,637.0,0.76,0.3235
98,1.101,quick-2,891.5,649.5,0.82,0.9721
98,1.101,quick-3,982.0,652.5,0.81,0.9672
98,1.101,quick-4,1075.0,654.0,0.79,0.9435
98,1.101,quick-5,818.5,711.0,0.76,0.9667
98,1.101,quick-6,899.5,726.0,0.76,0.9356
98,1.101,quick-7,988.5,727.5,0.82,0.9452
98,1.101,quick-8,1078.5,729.0,0.79,0.9601
100,1.123,wifi-glyph,759.5,183.5,0.885,0.9853
100,1.123,wifi-title,824.0,175.0,0.895,0.9383
100,1.123,music-play,816.5,394.5,0.875,0.9731
100,1.123,music-cast,877.5,278.5,0.915,0.9093
100,1.123,sun,961.0,397.5,0.905,0.9598
100,1.123,volume,1062.0,402.0,0.925,0.9658
100,1.123,device-1,785.5,496.5,0.875,0.9669
100,1.123,device-2,875.5,497.5,0.895,0.9455
100,1.123,device-3,966.5,498.0,0.855,0.9485
100,1.123,device-5,785.5,574.0,0.875,0.9805
100,1.123,device-7,966.0,573.5,0.875,0.9684
100,1.123,device-8,1056.0,575.0,0.875,0.9734
100,1.123,quick-1,800.0,737.5,0.735,0.3083
100,1.123,quick-2,882.5,664.5,0.825,0.9794
100,1.123,quick-3,975.5,667.5,0.845,0.9833
100,1.123,quick-4,1072.0,669.5,0.855,0.9593
100,1.123,quick-5,806.0,731.0,0.835,0.9416
100,1.123,quick-6,890.0,745.0,0.835,0.9565
100,1.123,quick-7,982.5,747.0,0.835,0.9368
100,1.123,quick-8,1075.0,748.5,0.815,0.9512
102,1.145,wifi-glyph,747.5,183.5,0.94,0.9688
102,1.145,wifi-title,814.5,174.5,0.93,0.9538
102,1.145,music-play,806.5,400.5,0.88,0.9565
102,1.145,music-cast,869.0,280.5,0.93,0.9357
102,1.145,sun,956.0,402.5,0.95,0.9798
102,1.145,volume,1060.0,406.0,0.93,0.9625
102,1.145,device-1,772.0,506.5,0.92,0.9452
102,1.145,device-2,865.0,507.5,0.9,0.981
102,1.145,device-3,959.0,508.0,0.89,0.9657
102,1.145,device-5,772.0,586.5,0.9,0.9699
102,1.145,device-7,959.0,586.5,0.87,0.9617
102,1.145,device-8,1052.5,587.5,0.9,0.9851
102,1.145,quick-1,781.0,673.0,0.85,0.9518
102,1.145,quick-2,871.5,682.5,0.87,0.988
102,1.145,quick-3,967.5,686.0,0.87,0.9626
102,1.145,quick-4,1068.0,688.0,0.87,0.9457
102,1.145,quick-5,789.5,756.5,0.86,0.9682
102,1.145,quick-6,878.5,769.0,0.85,0.9528
102,1.145,quick-7,974.0,771.0,0.84,0.9729
102,1.145,quick-8,1071.0,772.5,0.87,0.9695
104,1.167,wifi-glyph,739.0,183.0,0.92,0.9571
104,1.167,wifi-title,807.5,173.5,0.93,0.8937
104,1.167,music-play,799.0,404.5,0.93,0.9549
104,1.167,music-cast,863.0,281.5,0.93,0.9474
104,1.167,sun,952.5,405.0,0.97,0.9699
104,1.167,volume,1058.5,407.5,0.95,0.9817
104,1.167,device-1,761.5,513.5,0.91,0.9243
104,1.167,device-2,857.5,514.0,0.94,0.9562
104,1.167,device-3,954.5,514.5,0.91,0.9576
104,1.167,device-5,761.5,596.0,0.92,0.9421
104,1.167,device-7,953.5,595.0,0.95,0.9619
104,1.167,device-8,1050.0,596.5,0.92,0.9943
104,1.167,quick-1,767.5,688.0,0.88,0.9397
104,1.167,quick-2,862.5,696.0,0.93,0.9615
104,1.167,quick-3,962.0,699.0,0.91,0.9875
104,1.167,quick-4,1064.5,701.0,0.91,0.9917
104,1.167,quick-5,775.5,776.0,0.87,0.9865
104,1.167,quick-6,868.0,787.0,0.89,0.9656
104,1.167,quick-7,967.0,788.5,0.89,0.9653
104,1.167,quick-8,1067.5,790.5,0.89,0.9776
106,1.189,wifi-glyph,735.0,182.5,0.95,0.9818
106,1.189,wifi-title,804.0,173.5,0.96,0.9012
106,1.189,music-play,795.0,406.5,0.93,0.9596
106,1.189,music-cast,861.0,281.5,0.93,0.9062
106,1.189,sun,951.5,406.0,0.97,0.9612
106,1.189,volume,1058.0,408.0,0.97,0.979
106,1.189,device-1,756.0,516.0,0.93,0.9759
106,1.189,device-2,853.5,517.0,0.94,0.9797
106,1.189,device-3,951.5,517.0,0.92,0.9643
106,1.189,device-5,756.0,599.5,0.94,0.9881
106,1.189,device-7,951.5,599.0,0.95,0.9754
106,1.189,device-8,1049.0,600.5,0.92,0.9923
106,1.189,quick-1,761.0,695.5,0.9,0.9671
106,1.189,quick-2,857.5,702.5,0.92,0.9838
106,1.189,quick-3,958.5,705.0,0.92,0.9698
106,1.189,quick-4,1063.0,707.0,0.92,0.9651
106,1.189,quick-5,767.5,786.5,0.91,0.9611
106,1.189,quick-6,862.5,796.0,0.9,0.9821
106,1.189,quick-7,963.5,797.5,0.93,0.9552
106,1.189,quick-8,1065.5,799.0,0.9,0.9684
110,1.233,wifi-glyph,727.0,181.5,0.992,0.9488
110,1.233,wifi-title,798.5,172.0,0.982,0.9656
110,1.233,music-play,788.5,408.0,0.962,0.9673
110,1.233,music-cast,855.5,280.0,0.962,0.9501
110,1.233,sun,948.5,406.0,0.972,0.9612
110,1.233,volume,1057.0,406.5,1.012,0.9684
110,1.233,device-1,745.0,518.5,0.992,0.9247
110,1.233,device-2,846.0,519.5,0.962,0.9382
110,1.233,device-3,947.5,520.0,0.962,0.9479
110,1.233,device-5,745.0,605.5,0.942,0.9374
110,1.233,device-7,946.5,605.0,0.942,0.9613
110,1.233,device-8,1047.5,606.0,0.952,0.9673
110,1.233,quick-1,745.5,709.5,0.952,0.9802
110,1.233,quick-2,847.5,713.0,0.972,0.9738
110,1.233,quick-3,952.0,715.5,0.942,0.9798
110,1.233,quick-4,1059.5,716.5,0.972,0.9493
110,1.233,quick-5,750.0,807.0,0.942,0.9548
110,1.233,quick-6,850.5,813.0,0.952,0.9563
110,1.233,quick-7,955.5,814.0,0.922,0.9445
110,1.233,quick-8,1061.5,815.5,0.942,0.9499
114,1.278,wifi-glyph,724.5,181.0,0.97,0.9345
114,1.278,wifi-title,797.0,172.0,0.99,0.9038
114,1.278,music-play,786.5,408.0,0.96,0.9511
114,1.278,music-cast,854.5,278.0,0.96,0.9119
114,1.278,sun,948.5,405.0,0.97,0.977
114,1.278,volume,1057.0,405.0,1.02,0.9484
114,1.278,device-1,740.5,518.0,0.97,0.9562
114,1.278,device-2,842.5,519.0,0.99,0.9895
114,1.278,device-3,945.5,519.5,0.98,0.9873
114,1.278,device-5,740.5,606.0,0.97,0.9703
114,1.278,device-7,945.0,605.5,0.97,0.9849
114,1.278,device-8,1048.0,607.0,0.97,0.9536
114,1.278,quick-1,738.0,714.0,0.97,0.989
114,1.278,quick-2,843.0,716.5,0.99,0.9675
114,1.278,quick-3,949.0,718.0,0.99,0.9609
114,1.278,quick-4,1058.0,719.0,0.99,0.9747
114,1.278,quick-5,741.0,814.5,0.96,0.9815
114,1.278,quick-6,845.0,819.0,0.97,0.9932
114,1.278,quick-7,952.0,819.5,0.94,0.9469
114,1.278,quick-8,1059.5,820.0,0.96,0.9536
118,1.324,wifi-glyph,724.0,180.5,0.99,0.9487
118,1.324,wifi-title,796.5,172.0,1.0,0.9173
118,1.324,music-play,785.5,408.0,0.96,0.9453
118,1.324,music-cast,854.0,276.5,0.99,0.9123
118,1.324,sun,948.5,404.0,1.02,0.9546
118,1.324,volume,1057.5,403.5,0.99,0.9699
118,1.324,device-1,738.0,516.5,0.99,0.9657
118,1.324,device-2,840.5,517.0,0.99,0.9606
118,1.324,device-3,945.0,517.5,0.99,0.9876
118,1.324,device-5,738.0,604.5,0.99,0.9543
118,1.324,device-7,944.5,604.0,0.99,0.9649
118,1.324,device-8,1048.0,606.0,0.97,0.9715
118,1.324,quick-1,733.5,715.5,0.99,0.9873
118,1.324,quick-2,840.0,716.5,0.99,0.9876
118,1.324,quick-3,947.5,717.5,0.97,0.9815
118,1.324,quick-4,1057.0,718.0,0.99,0.9891
118,1.324,quick-5,734.5,818.5,0.97,0.9683
118,1.324,quick-6,841.0,821.0,0.97,0.9232
118,1.324,quick-7,949.0,820.5,0.94,0.8156
118,1.324,quick-8,1058.5,820.5,0.94,0.7171
122,1.368,wifi-glyph,724.0,180.5,0.99,0.9776
122,1.368,wifi-title,797.0,171.0,1.01,0.9403
122,1.368,music-play,785.5,407.0,0.96,0.9596
122,1.368,music-cast,854.0,276.5,0.99,0.932
122,1.368,sun,948.5,403.0,0.97,0.9749
122,1.368,volume,1057.5,402.5,0.99,0.988
122,1.368,device-1,737.0,514.5,0.99,0.9778
122,1.368,device-2,840.5,516.0,1.01,0.9788
122,1.368,device-3,945.0,516.5,1.01,0.9761
122,1.368,device-5,737.0,603.5,0.99,0.9716
122,1.368,device-7,944.5,603.0,0.99,0.9638
122,1.368,device-8,1048.5,604.5,0.99,0.9654
122,1.368,quick-1,731.5,715.5,0.99,0.9946
122,1.368,quick-2,839.0,715.5,0.99,0.9714
122,1.368,quick-3,947.0,717.0,0.99,0.9298
122,1.368,quick-4,1057.0,717.0,0.99,0.9686
122,1.368,quick-5,732.0,819.0,0.99,0.9833
122,1.368,quick-6,840.0,821.0,0.97,0.8927
122,1.368,quick-7,948.5,820.0,0.97,0.8829
122,1.368,quick-8,1057.5,820.5,0.94,0.8322
126,1.412,wifi-glyph,725.0,180.5,0.99,0.9598
126,1.412,wifi-title,797.0,171.0,1.01,0.9403
126,1.412,music-play,786.0,406.5,0.99,0.9532
126,1.412,music-cast,854.0,275.5,0.99,0.9214
126,1.412,sun,949.0,402.5,0.99,0.9995
126,1.412,volume,1057.5,402.5,0.99,0.9945
126,1.412,device-1,737.0,513.5,0.99,0.9682
126,1.412,device-2,840.5,515.0,1.01,0.9797
126,1.412,device-3,945.0,515.5,1.01,0.9795
126,1.412,device-5,737.0,602.5,0.99,0.955
126,1.412,device-7,944.5,602.0,0.99,0.9429
126,1.412,device-8,1048.5,603.5,0.99,0.9502
126,1.412,quick-1,730.5,714.5,0.99,0.9501
126,1.412,quick-2,839.0,714.5,0.99,0.9531
126,1.412,quick-3,947.0,715.0,0.99,0.9328
126,1.412,quick-4,1057.0,716.0,0.99,0.9353
126,1.412,quick-5,730.5,819.5,0.97,0.941
126,1.412,quick-6,838.5,820.5,0.99,0.9501
126,1.412,quick-7,948.0,819.5,0.99,0.954
126,1.412,quick-8,1057.5,819.5,0.99,0.9334
128,1.435,wifi-glyph,725.0,180.5,0.99,0.9998
128,1.435,wifi-title,797.5,171.0,1.0,1.0
128,1.435,music-play,786.0,406.5,0.99,0.9782
128,1.435,music-cast,855.0,275.5,0.99,0.992
128,1.435,sun,949.0,402.5,0.99,1.0
128,1.435,volume,1057.5,402.5,0.99,1.0
128,1.435,device-1,737.0,513.5,0.99,0.9999
128,1.435,device-2,840.5,514.5,1.0,1.0
128,1.435,device-3,945.0,515.0,1.0,1.0
128,1.435,device-5,737.0,602.5,0.99,1.0
128,1.435,device-7,944.5,602.0,0.99,1.0
128,1.435,device-8,1048.5,603.5,0.99,1.0
128,1.435,quick-1,730.5,714.5,0.99,1.0
128,1.435,quick-2,839.0,714.5,0.99,1.0
128,1.435,quick-3,947.0,715.0,0.99,1.0
128,1.435,quick-4,1057.0,715.0,0.99,1.0
128,1.435,quick-5,730.0,819.0,0.99,1.0
128,1.435,quick-6,838.5,820.5,0.99,0.9985
128,1.435,quick-7,948.0,819.5,0.99,1.0
128,1.435,quick-8,1057.5,819.5,0.99,0.9998
135,1.512,wifi-glyph,729.5,178.0,0.974,0.9705
135,1.512,wifi-title,800.5,168.5,0.974,0.9616
135,1.512,music-play,789.5,401.0,0.964,0.9486
135,1.512,music-cast,856.5,273.0,0.954,0.9356
135,1.512,sun,951.0,397.5,0.994,0.9817
135,1.512,volume,1058.5,397.5,0.994,0.9674
135,1.512,device-1,742.5,508.0,0.974,0.9647
135,1.512,device-2,844.0,509.0,0.974,0.9714
135,1.512,device-3,946.5,509.5,0.974,0.9707
135,1.512,device-5,742.5,596.0,0.964,0.951
135,1.512,device-7,946.0,595.0,0.964,0.9593
135,1.512,device-8,1048.0,596.5,0.984,0.9925
135,1.512,quick-1,733.0,707.0,0.974,0.9857
135,1.512,quick-2,841.5,707.0,0.974,0.9649
135,1.512,quick-3,948.5,707.5,0.974,0.9962
135,1.512,quick-4,1058.0,707.5,0.984,0.9852
135,1.512,quick-5,732.0,812.0,0.994,0.9404
135,1.512,quick-6,840.5,812.0,0.954,0.9449
135,1.512,quick-7,949.5,811.0,0.964,0.9802
135,1.512,quick-8,1058.0,811.0,0.964,0.9754
136,1.523,wifi-glyph,744.0,168.5,0.906,0.9587
136,1.523,wifi-title,810.5,160.0,0.906,0.9483
136,1.523,music-play,799.5,384.0,0.906,0.9539
136,1.523,music-cast,863.0,263.5,0.926,0.9591
136,1.523,sun,958.0,380.5,0.906,0.9735
136,1.523,volume,1062.5,380.0,0.916,0.9759
136,1.523,device-1,759.0,492.5,0.916,0.9921
136,1.523,device-2,854.0,493.5,0.926,0.9848
136,1.523,device-3,950.5,494.0,0.926,0.9793
136,1.523,device-5,759.0,574.5,0.896,0.9578
136,1.523,device-7,950.0,574.0,0.916,0.9786
136,1.523,device-8,1045.5,575.0,0.896,0.9736
136,1.523,quick-1,742.0,686.5,0.906,0.9672
136,1.523,quick-2,848.5,686.0,0.926,0.9749
136,1.523,quick-3,953.5,686.0,0.926,0.983
136,1.523,quick-4,1060.5,685.5,0.886,0.9677
136,1.523,quick-5,740.5,789.5,0.916,0.9587
136,1.523,quick-6,847.0,789.5,0.926,0.9615
136,1.523,quick-7,954.0,788.0,0.896,0.9838
136,1.523,quick-8,1061.0,788.0,0.916,0.9736
137,1.534,wifi-glyph,752.5,163.0,0.878,0.96
137,1.534,wifi-title,817.0,154.0,0.898,0.935
137,1.534,music-play,805.5,373.5,0.878,0.9525
137,1.534,music-cast,867.0,257.5,0.868,0.9351
137,1.534,sun,962.0,369.5,0.908,0.9634
137,1.534,volume,1065.0,369.5,0.898,0.9699
137,1.534,device-1,768.5,482.0,0.888,0.9717
137,1.534,device-2,860.5,483.0,0.878,0.9832
137,1.534,device-3,953.0,483.5,0.878,0.9714
137,1.534,device-5,768.5,561.0,0.868,0.9695
137,1.534,device-7,953.0,560.5,0.878,0.9568
137,1.534,device-8,1045.0,562.0,0.878,0.9716
137,1.534,quick-1,748.0,673.0,0.848,0.952
137,1.534,quick-2,853.0,672.0,0.888,0.9696
137,1.534,quick-3,957.0,672.0,0.868,0.9795
137,1.534,quick-4,1062.5,672.0,0.908,0.9533
137,1.534,quick-5,746.0,775.0,0.888,0.9546
137,1.534,quick-6,851.5,774.5,0.858,0.9635
137,1.534,quick-7,957.0,773.5,0.888,0.9571
137,1.534,quick-8,1062.5,773.0,0.898,0.9473
138,1.545,wifi-glyph,761.5,156.5,0.84,0.957
138,1.545,wifi-title,824.0,148.5,0.85,0.8887
138,1.545,music-play,813.0,362.0,0.85,0.9626
138,1.545,music-cast,871.5,250.5,0.84,0.9383
138,1.545,sun,966.5,358.0,0.84,0.9465
138,1.545,volume,1067.5,357.5,0.86,0.9028
138,1.545,device-1,779.0,470.5,0.84,0.9583
138,1.545,device-2,867.0,471.5,0.86,0.987
138,1.545,device-3,956.5,472.0,0.85,0.9545
138,1.545,device-5,779.0,546.5,0.85,0.9633
138,1.545,device-7,955.5,546.0,0.85,0.9726
138,1.545,device-8,1044.5,547.5,0.85,0.9726
138,1.545,quick-1,754.5,658.5,0.82,0.9384
138,1.545,quick-2,858.0,657.5,0.84,0.9845
138,1.545,quick-3,960.5,657.0,0.83,0.97
138,1.545,quick-4,1064.5,656.0,0.83,0.971
138,1.545,quick-5,752.0,759.0,0.83,0.9648
138,1.545,quick-6,856.0,759.0,0.83,0.933
138,1.545,quick-7,960.5,757.5,0.82,0.9164
138,1.545,quick-8,1064.0,756.5,0.81,0.918
139,1.556,wifi-glyph,780.5,142.5,0.792,0.9528
139,1.556,wifi-title,838.5,135.0,0.792,0.9508
139,1.556,music-play,827.5,338.5,0.762,0.9499
139,1.556,music-cast,882.5,234.5,0.772,0.903
139,1.556,sun,976.5,334.0,0.802,0.8055
139,1.556,volume,1033.0,295.5,0.842,0.3732
139,1.556,device-1,798.0,445.5,0.792,0.9236
139,1.556,device-2,880.5,446.0,0.772,0.9563
139,1.556,device-3,963.5,446.5,0.802,0.9601
139,1.556,device-5,798.5,516.0,0.772,0.9369
139,1.556,device-7,963.0,515.5,0.782,0.9631
139,1.556,device-8,1045.5,517.0,0.812,0.9599
139,1.556,quick-1,768.5,627.0,0.762,0.3165
139,1.556,quick-2,869.0,625.5,0.792,0.9919
139,1.556,quick-3,968.5,625.0,0.782,0.9242
139,1.556,quick-4,1068.5,623.5,0.762,0.9592
139,1.556,quick-5,765.0,725.5,0.782,0.9564
139,1.556,quick-6,866.5,724.0,0.762,0.9662
139,1.556,quick-7,967.5,722.5,0.772,0.9549
139,1.556,quick-8,1068.0,721.5,0.762,0.9375
140,1.567,wifi-glyph,790.0,135.5,0.784,0.854
140,1.567,wifi-title,846.0,128.0,0.784,0.889
140,1.567,music-play,835.0,326.5,0.774,0.9715
140,1.567,music-cast,888.0,226.0,0.744,0.8531
140,1.567,sun,981.0,321.5,0.774,0.466
140,1.567,volume,1037.0,297.5,0.794,0.3826
140,1.567,device-1,807.5,432.5,0.754,0.897
140,1.567,device-2,887.5,433.0,0.764,0.9313
140,1.567,device-3,967.0,433.5,0.764,0.95
140,1.567,device-5,807.5,500.5,0.764,0.9134
140,1.567,device-7,967.0,500.5,0.774,0.9427
140,1.567,device-8,1046.5,501.5,0.764,0.976
140,1.567,quick-1,797.5,505.0,0.614,0.2926
140,1.567,quick-2,874.5,609.0,0.764,0.9662
140,1.567,quick-3,972.5,608.0,0.744,0.9429
140,1.567,quick-4,1071.0,607.0,0.744,0.9566
140,1.567,quick-5,771.5,708.0,0.754,0.9633
140,1.567,quick-6,872.0,706.5,0.734,0.9352
140,1.567,quick-7,971.5,704.5,0.764,0.9887
140,1.567,quick-8,1070.0,703.5,0.764,0.975
141,1.578,wifi-glyph,798.0,128.5,0.686,0.451
141,1.578,wifi-title,853.0,121.5,0.756,0.8744
141,1.578,music-play,842.5,315.0,0.736,0.9757
141,1.578,music-cast,893.5,217.0,0.726,0.7944
141,1.578,sun,959.5,341.0,0.586,0.2772
141,1.578,volume,1040.5,292.0,0.826,0.3847
141,1.578,device-1,816.5,419.5,0.746,0.8823
141,1.578,device-2,893.0,420.0,0.736,0.9235
141,1.578,device-3,971.0,420.5,0.726,0.9229
141,1.578,device-5,816.0,485.5,0.746,0.8577
141,1.578,device-7,971.0,485.5,0.736,0.9542
141,1.578,device-8,1048.5,486.5,0.756,0.9554
141,1.578,quick-1,806.5,489.5,0.596,0.3131
141,1.578,quick-2,880.5,593.0,0.716,0.963
141,1.578,quick-3,976.5,591.5,0.736,0.9139
141,1.578,quick-4,1073.0,590.5,0.726,0.9647
141,1.578,quick-5,779.0,690.5,0.726,0.9047
141,1.578,quick-6,877.5,689.0,0.716,0.9102
141,1.578,quick-7,975.0,686.5,0.746,0.9233
141,1.578,quick-8,1072.5,685.5,0.746,0.9272
142,1.589,wifi-glyph,844.5,155.0,0.558,0.301
142,1.589,wifi-title,867.0,108.0,0.708,0.7442
142,1.589,music-play,856.0,293.5,0.708,0.9465
142,1.589,music-cast,905.0,200.5,0.688,0.4784
142,1.589,sun,1047.5,300.0,0.578,0.2778
142,1.589,volume,1048.0,281.0,0.578,0.3759
142,1.589,device-1,832.0,394.0,0.698,0.5983
142,1.589,device-2,905.5,395.0,0.708,0.8447
142,1.589,device-3,979.5,395.0,0.708,0.8674
142,1.589,device-5,832.0,457.0,0.688,0.7374
142,1.589,device-7,978.5,457.0,0.708,0.83
142,1.589,device-8,1053.0,458.0,0.708,0.8178
142,1.589,quick-1,843.5,456.0,0.588,0.2625
142,1.589,quick-2,891.5,562.0,0.718,0.7628
142,1.589,quick-3,984.0,560.0,0.708,0.7365
142,1.589,quick-4,1077.0,558.5,0.678,0.9458
142,1.589,quick-5,792.0,657.5,0.678,0.9084
142,1.589,quick-6,888.0,655.5,0.688,0.9143
142,1.589,quick-7,982.5,653.0,0.718,0.9343
142,1.589,quick-8,1076.0,651.5,0.708,0.9522
90,1.011,quick-1-shell,881.5,525.5,0.67,0.41438253323849844
92,1.033,quick-1-shell,864.5,554.5,0.694,0.7449791140391514
94,1.056,quick-1-shell,850.5,576.5,0.72,0.7908145621517941
96,1.079,quick-1-shell,829.0,608.0,0.751,0.8406025312952615
98,1.101,quick-1-shell,808.5,636.5,0.81,0.8442780944331176
100,1.123,quick-1-shell,796.5,652.5,0.825,0.9006187532361358
102,1.145,quick-1-shell,780.0,673.0,0.86,0.8871507151933039
104,1.167,quick-1-shell,767.0,687.0,0.89,0.8853239468510392
106,1.189,quick-1-shell,760.0,695.0,0.91,0.9260240161504243
110,1.233,quick-1-shell,745.0,709.0,0.952,0.9193181454821197
114,1.278,quick-1-shell,737.5,713.5,0.97,0.9445773180599246
118,1.324,quick-1-shell,733.0,715.0,0.98,0.9077189448423828
122,1.368,quick-1-shell,731.0,715.0,1.0,0.9365920283665067
126,1.412,quick-1-shell,730.5,714.5,0.99,0.9322470862318484
128,1.435,quick-1-shell,730.0,714.0,1.0,0.9925763525818487
