frame,pts,edge_energy,frame_difference,white_fraction,largest_white_fraction,white_x,white_y,white_w,white_h
0,0.0,1971.58997,0.0,0.109133,0.028656,171,152,96,96
1,0.041,1971.41919,0.18344,0.109271,0.028656,171,152,96,96
2,0.082,1969.6842,0.08762,0.10919,0.028656,171,152,96,96
3,0.123,1971.2561,0.25675,0.109299,0.028651,171,152,96,96
4,0.164,1970.83862,0.13662,0.109254,0.028647,171,152,96,96
5,0.205,1972.69922,0.26038,0.109291,0.028647,171,152,96,96
6,0.246,1972.2356,0.03045,0.109279,0.028647,171,152,96,96
7,0.287,1972.37842,0.01578,0.109303,0.028647,171,152,96,96
8,0.329,1972.31763,0.00842,0.109299,0.028647,171,152,96,96
9,0.37,1972.32703,0.00452,0.109299,0.028647,171,152,96,96
10,0.411,1972.49854,0.10587,0.109339,0.028647,171,152,96,96
11,0.452,1972.48242,0.00576,0.109344,0.028647,171,152,96,96
12,0.493,1972.36743,0.00439,0.109339,0.028647,171,152,96,96
13,0.534,1972.26196,0.00106,0.109344,0.028647,171,152,96,96
14,0.575,1972.26941,0.00014,0.109344,0.028647,171,152,96,96
15,0.616,1972.56934,0.04476,0.109315,0.028647,171,152,96,96
16,0.657,253.55061,16.35991,0.067787,0.023519,173,154,93,93
17,0.699,32.97773,20.40978,4e-06,4e-06,521,38,1,1
18,0.74,6.547,14.35561,5.3e-05,1.6e-05,503,42,1,4
19,0.781,3.26892,8.34677,0.000393,0.000328,496,44,16,7
20,0.822,2.29666,6.56191,0.000506,0.000397,492,46,21,7
21,0.863,1.78596,7.64805,0.000793,0.000437,493,47,21,8
22,0.904,1.61826,7.10671,0.026972,0.010205,455,144,43,77
23,0.945,1.56081,5.48359,0.041427,0.015738,346,70,96,43
24,0.987,1.50309,3.92313,0.048924,0.016402,343,69,98,44
25,1.028,1.49197,2.23587,0.050385,0.016755,342,68,99,45
26,1.069,1.49131,1.32181,0.051227,0.017208,342,68,99,45
27,1.11,1.49137,0.99783,0.051502,0.017046,342,68,99,45
28,1.152,1.49137,0.60997,0.051688,0.017046,342,68,99,45
29,1.193,1.48796,0.5306,0.05196,0.017086,342,68,100,45
30,1.234,1.48796,0.33185,0.052109,0.017054,342,68,100,45
31,1.276,1.48796,0.05967,0.052174,0.017054,342,68,100,45
32,1.317,1.48796,0.00332,0.05217,0.017054,342,68,100,45
33,1.358,1.48796,0.00155,0.052174,0.017054,342,68,100,45
34,1.4,1.48596,0.03297,0.052154,0.01709,342,68,100,45
35,1.441,1.48579,0.00102,0.052154,0.01709,342,68,100,45
36,1.482,1.48579,0.00133,0.05215,0.01709,342,68,100,45
37,1.523,1.48579,0.00039,0.05215,0.01709,342,68,100,45
38,1.564,1.48579,0.00402,0.05215,0.01709,342,68,100,45
39,1.605,1.4848,0.01216,0.052142,0.017058,342,68,100,45
40,1.646,1.48487,0.00023,0.052142,0.017058,342,68,100,45
41,1.687,1.48487,0.0,0.052142,0.017058,342,68,100,45
42,1.728,1.48487,0.0,0.052142,0.017058,342,68,100,45
43,1.769,1.48487,0.0,0.052142,0.017058,342,68,100,45
44,1.81,1.48476,0.00494,0.052138,0.017058,342,68,100,45
45,1.851,1.48476,8e-05,0.052138,0.017058,342,68,100,45
46,1.892,1.48476,0.0,0.052138,0.017058,342,68,100,45
47,1.933,1.48476,0.0,0.052138,0.017058,342,68,100,45
48,1.974,2.51023,10.99941,0.02834,0.011148,349,66,94,42
49,2.015,7.37102,17.65477,4e-06,4e-06,521,45,1,1
50,2.056,26.02042,14.86586,0.000708,0.000445,187,193,7,40
51,2.097,116.12579,14.59079,0.040779,0.019369,176,156,89,89
52,2.138,286.90979,9.80157,0.072446,0.02428,173,154,93,93
53,2.179,1271.67297,12.28659,0.103106,0.028036,171,152,96,96
54,2.22,1968.80884,2.93855,0.10925,0.028643,171,152,96,96
55,2.261,1969.43469,0.11177,0.109161,0.028639,171,152,96,96
56,2.302,1968.99451,0.04019,0.109137,0.028639,171,152,96,96
57,2.344,1969.55164,0.02186,0.109165,0.028639,171,152,96,96
58,2.385,1970.67322,0.10065,0.109194,0.028639,171,152,96,96
59,2.426,1971.22632,0.00633,0.109198,0.028639,171,152,96,96
60,2.467,1971.2262,0.03633,0.109198,0.028639,171,152,96,96
61,2.508,1971.20618,0.08193,0.109198,0.028639,171,152,96,96
62,2.549,1971.19067,0.06748,0.109198,0.028639,171,152,96,96
63,2.59,1971.68677,0.05162,0.109206,0.028639,171,152,96,96
64,2.631,1971.66919,0.0013,0.109206,0.028639,171,152,96,96
65,2.672,1971.66919,0.0,0.109206,0.028639,171,152,96,96
66,2.713,1971.66919,0.0,0.109206,0.028639,171,152,96,96
67,2.754,1971.66919,0.0,0.109206,0.028639,171,152,96,96
68,2.795,1971.4906,0.19132,0.109327,0.028639,171,152,96,96
69,2.836,255.0968,16.06008,0.067965,0.023713,173,154,93,93
70,2.878,37.51729,19.70569,0.0,0.0,0,0,591,418
71,2.919,7.07151,14.86596,7.3e-05,2.4e-05,504,45,6,1
72,2.96,3.4875,9.0796,0.000397,0.000348,494,43,18,7
73,3.001,2.41357,7.24533,0.000546,0.000437,493,45,21,8
74,3.042,1.82024,8.34924,0.003809,0.001858,484,141,15,58
75,3.083,1.62795,7.1807,0.033926,0.012873,454,143,43,78
76,3.124,1.55089,5.36203,0.043588,0.015917,345,70,97,43
77,3.165,1.49838,3.34535,0.04945,0.016613,343,69,98,45
78,3.206,1.49565,1.88402,0.050761,0.016904,342,69,99,45
79,3.247,1.49548,1.32054,0.051271,0.017103,342,68,99,45
80,3.288,1.49533,0.98032,0.051551,0.017046,342,68,99,45
81,3.329,1.49532,0.61156,0.051862,0.017058,342,68,100,45
82,3.37,1.48588,0.45317,0.05202,0.017058,342,68,100,45
83,3.411,1.48582,0.26426,0.052122,0.017058,342,68,100,45
84,3.452,1.48577,0.00865,0.052134,0.017058,342,68,100,45
85,3.493,1.48577,0.00251,0.05213,0.017058,342,68,100,45
86,3.534,1.48577,0.0015,0.052126,0.017058,342,68,100,45
87,3.576,1.48054,0.03911,0.052138,0.017058,342,68,100,45
88,3.617,2.83971,14.95688,0.003854,0.001352,486,153,13,39
89,3.658,13.02081,19.29212,4e-06,4e-06,521,42,1,1
90,3.699,44.17258,13.29759,0.015532,0.005177,181,161,20,79
91,3.74,179.397,14.08877,0.054344,0.021669,174,155,92,91
92,3.781,567.59454,11.2929,0.088266,0.026502,172,153,95,95
93,3.822,1434.90784,6.48522,0.104628,0.028271,171,152,96,96
94,3.864,1967.57849,2.15682,0.109246,0.028635,171,152,96,96
95,3.905,1968.69043,0.1134,0.109173,0.028635,171,152,96,96
96,3.946,1972.01892,0.38623,0.109238,0.028639,171,152,96,96
97,3.987,1971.63843,0.08621,0.109234,0.028635,171,152,96,96
98,4.029,1971.96851,0.01291,0.109242,0.028635,171,152,96,96
99,4.071,1971.59021,0.01969,0.109246,0.028635,171,152,96,96
100,4.113,1972.13574,0.06544,0.10925,0.028635,171,152,96,96
101,4.154,1972.02466,0.10783,0.109254,0.028635,171,152,96,96
102,4.195,1971.95923,0.03874,0.109254,0.028635,171,152,96,96
103,4.236,1971.9751,0.00012,0.109254,0.028635,171,152,96,96
104,4.277,1971.89758,0.00103,0.10925,0.028635,171,152,96,96
105,4.318,211.34589,18.13378,0.060509,0.02264,174,154,92,92
106,4.36,80.89613,19.92986,0.0,0.0,0,0,591,418
107,4.401,203.24783,13.32202,0.000433,8.5e-05,150,40,4,15
108,4.442,391.30682,8.00208,0.001724,0.000364,159,95,14,8
109,4.483,497.94989,6.35616,0.003396,0.000611,186,182,33,8
110,4.524,602.18066,6.61645,0.005914,0.001137,195,155,49,8
111,4.565,632.88843,4.05808,0.006991,0.001506,185,190,59,10
112,4.606,627.23242,3.32139,0.007197,0.001299,204,152,50,9
113,4.647,632.78857,3.13193,0.007209,0.001133,184,188,40,9
114,4.688,640.05579,2.44215,0.007311,0.001162,184,149,51,9
115,4.729,633.99597,1.39632,0.007307,0.001567,184,185,59,10
116,4.77,643.10706,0.9752,0.007331,0.001696,184,185,59,9
117,4.812,644.69165,0.47186,0.007189,0.001445,206,131,70,9
118,4.853,650.44141,0.24351,0.007294,0.001344,184,148,59,9
119,4.894,651.46655,0.40278,0.007347,0.001259,203,131,61,9
120,4.935,657.29993,0.42468,0.007375,0.001142,184,185,40,9
121,4.976,663.21204,0.12238,0.00744,0.001218,193,148,51,9
122,5.017,663.82428,0.01013,0.007464,0.001218,193,148,51,9
123,5.058,664.08984,0.00642,0.00746,0.001142,184,185,40,9
124,5.099,665.27405,0.00443,0.00746,0.001271,193,148,51,9
125,5.14,665.01538,0.02566,0.007481,0.001263,193,148,51,9
126,5.182,664.98682,0.00086,0.007481,0.001263,193,148,51,9
127,5.223,237.33237,13.0766,1.6e-05,4e-06,183,23,1,1
128,5.264,44.81909,13.28111,0.0,0.0,0,0,591,418
129,5.305,48.31389,11.18417,0.015253,0.00521,181,160,20,80
130,5.346,179.61456,13.84282,0.054243,0.021733,174,155,92,91
131,5.387,567.74792,11.16488,0.087772,0.02651,172,153,95,95
132,5.428,1533.67261,6.90442,0.105146,0.028481,171,152,96,96
133,5.469,1966.60449,1.68511,0.109246,0.028635,171,152,96,96
134,5.51,1968.15552,0.04987,0.109186,0.028639,171,152,96,96
135,5.551,1969.19971,0.12427,0.109198,0.028643,171,152,96,96
136,5.592,1968.78052,0.061,0.10919,0.028643,171,152,96,96
137,5.633,1969.80713,0.08848,0.109202,0.028643,171,152,96,96
138,5.674,1969.85449,0.06358,0.109202,0.028643,171,152,96,96
139,5.715,1970.19751,0.0074,0.109198,0.028643,171,152,96,96
140,5.756,1970.30762,0.05316,0.10919,0.028643,171,152,96,96
141,5.797,1969.96875,0.00403,0.10919,0.028643,171,152,96,96
142,5.838,1969.93115,0.00074,0.10919,0.028643,171,152,96,96
143,5.879,178.00049,20.21826,0.048843,0.020628,174,155,91,91
144,5.92,65.7666,17.12281,0.0,0.0,0,0,591,418
145,5.961,195.26604,13.71379,4e-06,4e-06,169,48,1,1
146,6.003,372.2225,8.0978,0.001356,0.000352,201,30,12,19
147,6.044,515.71619,7.03939,0.003368,0.000482,204,26,13,21
148,6.085,572.54517,5.47093,0.005428,0.000874,186,184,36,9
149,6.126,609.65106,3.60393,0.006554,0.000984,186,187,38,9
150,6.167,638.12683,2.15218,0.007234,0.00168,185,187,59,9
151,6.208,638.82251,1.6796,0.00723,0.001441,193,149,61,9
152,6.249,640.33374,1.35793,0.007367,0.001142,184,186,40,9
153,6.291,641.03284,0.99952,0.007246,0.001542,184,185,59,10
154,6.332,644.52893,0.6562,0.007383,0.001692,184,185,59,9
155,6.374,642.60535,0.38813,0.007262,0.001733,184,185,59,9
156,6.415,651.28479,0.1779,0.007303,0.001178,194,148,49,9
157,6.456,663.18109,0.08679,0.007444,0.001214,193,148,51,9
158,6.497,663.95801,0.00733,0.007456,0.001214,193,148,51,9
159,6.538,583.09412,5.45116,0.005712,0.00153,183,177,58,9
160,6.579,167.33026,13.08801,0.0,0.0,0,0,591,418
161,6.62,43.80618,15.2618,0.0,0.0,0,0,591,418
162,6.661,73.29628,11.817,0.029307,0.015977,178,157,86,86
163,6.702,184.28589,9.55213,0.05676,0.022248,174,155,92,91
164,6.744,822.01917,13.39297,0.095763,0.027388,172,153,95,95
165,6.786,1845.35559,5.44252,0.10806,0.028558,171,152,96,96
166,6.827,1963.62036,0.46776,0.109178,0.028643,171,152,96,96
167,6.869,1964.65356,0.04158,0.109165,0.028643,171,152,96,96
168,6.91,1972.03076,0.36837,0.109242,0.028635,171,152,96,96
169,6.952,1971.69214,0.13766,0.109222,0.028635,171,152,96,96
170,6.993,1971.88477,0.09138,0.109218,0.028635,171,152,96,96
171,7.034,1971.71729,0.05147,0.109218,0.028635,171,152,96,96
172,7.075,1972.16699,0.00215,0.109218,0.028635,171,152,96,96
173,7.116,1972.34082,0.03093,0.109226,0.028635,171,152,96,96
174,7.157,1972.20483,0.00139,0.109226,0.028635,171,152,96,96
175,7.198,1972.21948,5e-05,0.109226,0.028635,171,152,96,96
176,7.239,615.17255,8.90854,0.090346,0.026547,172,153,95,95
177,7.28,32.15681,25.87432,0.001445,0.001032,187,192,7,43
178,7.321,8.82285,12.87984,8e-06,4e-06,503,44,1,1
179,7.362,3.40161,9.36673,0.000332,0.000243,503,43,9,7
180,7.404,2.28514,7.39557,0.000478,0.000409,493,45,20,8
181,7.446,1.75617,7.67904,0.000919,0.000518,492,47,22,8
182,7.487,1.61546,7.11049,0.022499,0.010092,455,144,43,76
183,7.528,1.53918,5.63113,0.041176,0.015544,347,70,95,43
184,7.569,1.50622,3.80361,0.048685,0.016338,344,69,97,44
185,7.61,1.50129,2.33025,0.050183,0.016609,342,69,99,44
186,7.651,1.5011,1.38786,0.051166,0.017212,342,68,99,45
187,7.692,1.50107,0.97822,0.051441,0.017046,342,68,99,45
188,7.733,1.48556,0.66041,0.051765,0.01705,342,68,99,45
189,7.774,1.48478,0.49456,0.051846,0.017095,342,68,100,45
190,7.815,1.48474,0.34448,0.052057,0.017095,342,68,100,45
191,7.856,1.48474,0.15283,0.052142,0.017095,342,68,100,45
192,7.897,2.82015,14.96288,0.003769,0.001267,486,152,13,37
193,7.938,13.03682,19.29409,4e-06,4e-06,521,42,1,1
194,7.979,44.17567,13.2997,0.015532,0.005161,181,160,21,80
195,8.02,179.43378,14.09129,0.054567,0.021843,174,155,92,91
196,8.061,567.61548,11.29206,0.08829,0.02653,172,153,95,95
197,8.102,1969.57483,8.39152,0.109178,0.028643,171,152,96,96
198,8.143,1970.32739,0.18218,0.109275,0.028639,171,152,96,96
199,8.184,1969.87842,0.05496,0.109202,0.028639,171,152,96,96
200,8.225,1970.104,0.02631,0.10921,0.028639,171,152,96,96
201,8.266,1970.26599,0.01127,0.109226,0.028639,171,152,96,96
202,8.307,1970.48926,0.07718,0.10921,0.028639,171,152,96,96
203,8.348,1970.49023,0.01052,0.109206,0.028639,171,152,96,96
204,8.389,1970.44653,0.06067,0.10921,0.028639,171,152,96,96
205,8.43,1970.28845,0.06748,0.109206,0.028639,171,152,96,96
206,8.471,642.14972,7.87593,0.091233,0.026842,172,153,95,95
207,8.512,53.76989,23.68687,0.009537,0.003825,181,161,17,78
208,8.553,8.89585,15.52433,4e-06,4e-06,521,45,1,1
209,8.594,4.18241,8.75094,0.000344,0.000227,503,45,9,7
210,8.635,2.37209,8.00124,0.000563,0.000498,492,48,22,8
211,8.676,1.8938,7.49387,0.000943,0.00047,492,49,21,8
212,8.717,1.63109,6.8692,0.022705,0.00999,455,145,43,77
213,8.758,1.55459,5.5223,0.041297,0.015548,347,70,95,43
214,8.799,1.51246,3.85697,0.048539,0.016204,344,69,97,44
215,8.84,1.50825,2.04981,0.050065,0.016617,342,69,99,44
216,8.881,1.50035,1.83716,0.051045,0.017111,342,68,99,45
217,8.922,1.48908,1.11741,0.051624,0.017167,342,68,99,45
218,8.963,1.48862,0.71252,0.051749,0.01705,342,68,99,45
219,9.004,1.48863,0.49269,0.051883,0.017095,342,68,100,45
220,9.046,1.87244,6.24576,0.048474,0.016249,345,67,97,44
221,9.087,7.37456,20.93025,4e-06,4e-06,521,45,1,1
222,9.128,25.8546,14.80705,0.000223,0.000227,503,32,9,7
223,9.17,116.1896,14.69537,0.040787,0.019414,176,156,89,89
224,9.212,285.62366,9.73085,0.072272,0.024272,173,154,93,93
225,9.253,1270.23413,12.36144,0.103065,0.028032,171,152,96,96
226,9.294,1968.06128,2.95058,0.10925,0.028643,171,152,96,96
227,9.335,1969.29285,0.1127,0.109157,0.028643,171,152,96,96
228,9.376,1969.39136,0.04168,0.109157,0.028643,171,152,96,96
229,9.417,1969.14258,0.02217,0.109169,0.028643,171,152,96,96
230,9.46,1969.90381,0.01007,0.10919,0.028643,171,152,96,96
231,9.501,1970.99512,0.10181,0.109218,0.028643,171,152,96,96
232,9.542,1971.35522,0.06147,0.10923,0.028643,171,152,96,96
233,9.583,1971.15381,0.08172,0.109226,0.028643,171,152,96,96
234,9.624,1971.09399,0.05127,0.109226,0.028643,171,152,96,96
235,9.665,1971.09399,0.00161,0.109226,0.028643,171,152,96,96
236,9.706,1971.39392,0.03489,0.109222,0.028643,171,152,96,96
237,9.747,1971.31689,0.00144,0.109222,0.028643,171,152,96,96
238,9.788,1971.31689,0.0,0.109222,0.028643,171,152,96,96
239,9.829,1971.31689,0.0,0.109222,0.028643,171,152,96,96
240,9.871,1972.28943,0.34123,0.109254,0.028635,171,152,96,96
241,9.913,1971.78174,0.07667,0.10925,0.028635,171,152,96,96
242,9.954,1972.08276,0.01233,0.109258,0.028635,171,152,96,96
243,9.995,1971.84412,0.00299,0.109258,0.028635,171,152,96,96
244,10.036,1972.32764,0.00082,0.109258,0.028635,171,152,96,96
245,10.077,1972.29175,0.02953,0.109263,0.028635,171,152,96,96
246,10.118,1972.16235,0.00088,0.109263,0.028635,171,152,96,96
247,10.159,1972.17798,4e-05,0.109263,0.028635,171,152,96,96
248,10.2,1972.07239,0.00092,0.109258,0.028635,171,152,96,96
249,10.241,1972.07239,4e-05,0.109258,0.028635,171,152,96,96
250,10.282,1972.11255,0.01144,0.109263,0.028635,171,152,96,96
251,10.323,1972.11255,0.00054,0.109263,0.028635,171,152,96,96
252,10.364,1972.11255,0.0,0.109263,0.028635,171,152,96,96
253,10.405,1972.11255,0.0,0.109263,0.028635,171,152,96,96
254,10.446,1972.11255,0.0,0.109263,0.028635,171,152,96,96
